{"type":"kick_01","maxFreq":255,"timeline":[27.670965,34.325228,41.179702,48.03423,54.888725,56.172364,56.606715,57.890911,59.808735,60.025257,61.743345,63.027458,63.460686,64.745192,66.462843,67.096694,68.597706,69.88177,70.315335,71.598521,73.316525,73.951032,75.668721,76.95268,77.169682,78.45298,82.522378,83.807312,84.023169,85.307592,87.02547,87.459482,89.377397,90.661599,90.877878,92.161997,93.88003,94.313829,96.230669,97.515829,97.948584,99.233456,100.734489,101.168135,102.88496,104.169769,104.802854,106.087881,109.739446,111.023628,111.657693,112.742082,114.659023,114.876222,116.593963,117.878375,118.512198,119.5962,121.514297,121.730578,123.448503,124.732928,125.166513,126.450243,128.368641,128.584997,130.303037,131.587263,132.020915,137.157541,138.441591,138.875268,140.159294,141.876183,142.510764,144.228569,145.511891,145.729479,147.012768,148.730687,149.365173,151.081986,152.366986,152.583671,153.867254,155.585209,156.019409,157.937169,159.221357,159.437942,160.721853]}