{"type":"Pad1_01","maxFreq":255,"timeline":[2.88782,3.104945,3.321564,4.055495,4.705939,5.239572,5.839114,6.390467,7.474084,7.640601,8.891934,9.591562,10.775511,11.276715,12.193752,12.394108,13.34375,13.543896,14.628813,14.845563,16.096364,16.395996,16.630096,17.130402,17.329938,17.763434,18.464555,18.880782,19.165093,19.431952,19.548171,20.198229,20.432497,20.849427,21.682365,22.15019,22.917386,23.467714,24.134795,24.53496,24.785204,25.352173,25.652455,26.085693,26.385316,27.052758,27.236215,27.553116,27.937198,28.271038,28.620982,29.620987,30.105226,30.355264,30.82244,31.055963,31.321619,31.439586,31.756282,31.972263,32.772601,33.106297,33.457412,33.607425,33.690815,36.125608,36.909218,36.975373,37.72626,37.826704,38.276982,38.576531,38.760654,38.927582,39.661267,39.861388,40.245054,40.744375,40.877851,41.078193,41.26227,41.478568,42.311841,42.362969,42.712882,43.312655,43.779828,44.064124,44.763627,45.715109,46.014427,46.098595,46.348161,46.882092,47.099206,47.549035,47.799229,48.299656,48.449248,49.617486,50.03366,50.434155,50.684841,51.401948,51.568784,52.01865,52.43594,52.686116,53.086469,53.519022,53.836389]}