{"type":"perc6_01","maxFreq":127,"timeline":[27.904944,31.339542,34.759291,38.194684,41.613573,45.048081,48.467879,51.902544,55.338544,58.757066,62.193053,65.61162,69.047582,72.466173,75.90192,79.320641,82.756085,83.606763,84.473857,85.324414,86.191621,87.042162,87.892741,88.759862,89.610378,90.477631,91.328292,92.178729,93.045938,93.896411,94.763684,95.614193,96.464717,97.331954,98.182486,99.049678,99.900245,100.750796,101.61797,102.468526,103.3187,104.186294,105.036808,105.903006,106.754475,107.605063,108.472358,109.322851,110.189214,111.891092,113.608849,115.325777,117.027709,118.745385,120.462323,122.180344,123.898264,125.598834,127.316857,129.034843,130.752814,132.453441,134.171243,135.889394,137.607335,138.45767,139.340861,140.175602,141.025879,141.926739,142.743981,143.611098,144.461764,145.312134,146.196077,147.029325,147.880429,148.747651,149.598329,150.464533,151.315973,152.166564,153.050255,153.884217,154.734952,155.601995,156.452483,157.318965,158.170016,159.037441,159.887975,160.738601,161.605717,162.456288,163.306816,164.173094]}