{"type":"perc5_01","maxFreq":175,"timeline":[32.214154,32.648016,39.068374,39.502035,45.938967,46.356275,52.793537,53.209652,59.64806,60.064875,66.502326,66.919055,73.356515,73.772731,80.210845,80.627788,114.498718,114.91601,121.353261,121.770303,128.207784,128.624606,135.062108,135.47893]}