{"type":"perc3_01","maxFreq":155,"timeline":[55.474851,56.341922,58.89356,62.328977,63.178903,65.763576,69.182704,70.033866,72.65183,76.938137,79.505617,82.924968,83.759198,84.609691,85.478582,86.327472,87.211188,88.0615,88.929148,89.746251,90.646921,91.464039,92.363898,93.215215,94.06572,94.932881,95.750046,95.783418,110.359082,111.208831,117.162743,118.030615,120.598706,124.033965,124.901694,127.453261,130.88877,134.30768,137.743103,138.592621,139.460832,140.310504,141.211607,142.029138,142.896344,143.746946,144.613903,145.464642,145.497829,146.348238,147.165741,148.066126,148.883423,149.750723,150.601288,150.634459,151.45182,152.318988,153.169447,154.052989,154.887264,155.770948,156.62122,157.455496,158.339244,159.173256,160.057178,160.890117,161.740687,162.642122]}