{"type":"perc4_01","maxFreq":224,"timeline":[30.061111,33.496564,36.914436,40.350834,43.768761,47.204323,50.640217,57.49476,60.913295,64.348753,67.767813,71.203719,74.639079,78.057921,81.49344,88.347705,95.202003,102.056311,108.909805,112.345454,115.763999,119.199936,122.618493,126.054482,129.473016,132.909011,136.327549,143.181499,150.053202,156.907474,163.761812]}