{"type":"perc1_01","maxFreq":233,"timeline":[55.760737,57.478467,59.195376,60.896642,62.614998,64.331861,66.049974,67.76777,69.46842,71.18633,72.904329,74.622369,76.322919,78.040738,83.194726,84.895374,86.613406,88.331228,90.048887,91.749935,93.467517,96.903274,98.621001,100.322169,102.039742,103.757098,105.475237,110.611863,112.329625,114.030714,115.748442,117.466184,119.183947,120.901657,122.602727,124.320503,126.03819,127.755079,129.457029,131.174776,132.891627,138.028191,139.746148,141.464182,143.182138,144.882631,146.600669,148.318637,151.754491,153.455156,155.173311,156.89096,158.608728,160.309685]}