{"type":"perc7_01","maxFreq":90,"timeline":[51.660394,79.076901,106.511453,133.928698]}