{"type":"perc2_01","maxFreq":204,"timeline":[29.646274,33.064788,36.500563,36.617307,39.935473,40.052247,43.354821,46.789313,50.225269,57.063406,57.1959,63.934275,64.050417,67.352616,70.78875,74.207352,77.625908,81.061888,94.787066,101.6414,108.495689,111.930435,115.366394,125.639521,129.058111,132.476577,135.912609,136.029547,142.767195,142.883185,149.637964,156.475945,163.346858]}