{"type":"Synth3_01","maxFreq":251,"timeline":[27.685486,34.5398,41.393131,48.263989,55.119263,58.137797,61.97255,64.974389,68.827775,71.879384,75.714615,78.699703,83.869655,87.272122,90.690799,94.143849,112.97227,114.706723,116.440192,119.826735,121.544318,123.262084,126.696951,128.431218,130.149177,133.535198,135.235669,136.954006,137.804641,138.688435,140.439649,142.140279,143.825011,144.658971,145.542223,147.260523,148.977365,150.662658,151.513334,154.14804,155.831871,157.5336,158.384198,159.250486,160.968456]}