{"type":"Synth2_01","maxFreq":241,"timeline":[57.38449,64.45514,71.3096,78.163929,112.440341,126.149009,133.003338,139.857747,146.711057,153.565532,160.437347]}