{"type":"Synth4_01","maxFreq":211,"timeline":[58.420556,58.621239,58.854575,59.054459,60.138441,60.338029,60.554706,60.772534,65.292098,65.475223,65.691268,65.908314,66.992345,67.193244,67.4092,67.626729,72.146193,72.345579,72.54649,72.763011,73.864013,74.064135,74.279933,74.480115,141.122987,141.323107,142.839694,143.057292,147.976217,148.176481,149.69419,149.89444,154.830722,155.030964,156.548652,156.748901]}