{"type":"Synth1_01","maxFreq":248,"timeline":[55.857343,62.711553,69.565444,76.420178,110.691266,117.545796,124.417004,131.271297,138.125618,144.979951,151.834293,158.687741]}