{"type":"autogun","maxFreq":255,"timeline":[16.657505,16.937268,17.287601,17.571946,17.870997,32.350322,32.616564,32.883154,33.11671,33.367537,33.600804,33.834776,34.101765,34.31842,35.468685,35.786494,37.304332,37.554542,40.523353,43.059039,43.475272,43.959642,44.293474,44.392513,46.111451,46.377607,46.62835]}