{"type":"clap","maxFreq":228,"timeline":[0.701811,1.317952,1.935712,2.552722,3.986305,4.604401,5.221123,5.838094,7.272875,7.890399,8.507566,9.124346,10.559348,11.17592,11.793632,12.410518,13.845123,14.462043,15.079203,15.696719,17.130977,17.748392,18.365641,18.982309,20.417195,21.034028,21.651584,22.268805,23.70317,24.320378,24.937372,25.554764,26.989005,27.606393,28.223582,28.840449,30.291456,30.892171,31.50865,32.12583,33.577832,34.194627,34.7952,35.412654,36.863776,37.48097,38.097876,38.69859,40.149579,40.767036,41.384134,42.001106,43.435999,44.052862,44.670144,45.287276,46.721793,47.338847,47.956044,48.572624,50.007676,50.624728,51.24124,51.859112,53.29379,53.910887,54.528106,55.144366,56.579848,57.196148,57.814026,58.431252]}