{"type":"hat","maxFreq":167,"timeline":[0.480789,1.495037,1.912058,2.312257,3.76339,4.780033,5.197866,5.615067,7.049404,8.066893,8.482981,8.900763,10.334439,11.352997,11.769903,12.186127,13.621334,14.655493,15.055887,15.472748,16.907384,17.940609,18.341019,18.758895,20.192572,21.226652,21.627367,22.044037,23.478649,24.513578,24.913976,25.330863,26.765371,27.79866,28.199116,28.616993,30.050591,31.085519,31.501669,31.902064,33.336443,34.371596,34.770939,35.188864,36.623423,37.656744,38.074619,38.475096,39.908807,40.943082,41.359689,41.76007,43.194806,44.229685,44.646464,45.045989,46.481008,47.515083]}