{"type":"kick","maxFreq":255,"timeline":[0.093578,0.907049,1.524047,1.924435,2.758811,3.375398,4.193652,4.810577,5.22688,6.044916,6.661475,7.478804,8.096294,8.497101,9.330305,9.948308,10.765526,11.382023,11.799846,12.616666,13.233492,14.05074,14.668683,15.085033,15.90307,16.520168,17.336676,17.954209,18.371663,19.188394,19.806258,20.623526,21.240057,21.657768,22.474251,23.091691,23.908581,24.526233,24.94309,25.76011,26.378204,27.194972,27.811758,28.228971,29.046561,29.664132,30.497483,31.098256,31.514712,32.332997,32.949688,50.823103,51.240985,52.058304,52.674641,53.492849,54.109924,54.526107,55.344418,55.961106,56.777989,57.396062,57.812921,58.629532]}